{
    "bunny_pancake": {
        "dreamfusion": 59.03137697483662,
        "pd": 58.687634108240886,
        "gad": 35.062520705065985,
        "magic3D": 72.31305992589564
    },
    "panda": {
        "dreamfusion": 54.7501515356824,
        "pd": 73.81259585293145,
        "gad": 49.31259182890786,
        "magic3D": 108.12560266810178
    },
    "strawberry": {
        "dreamfusion": 25.12500849716687,
        "pd": 48.218762311701,
        "gad": 22.797056735327647,
        "magic3D": 43.469050807909575
    },
    "pineapple": {
        "dreamfusion": 37.906545334560256,
        "pd": 33.531251456489386,
        "gad": 20.312615141756677,
        "magic3D": 30.062518751105923
    },
    "corgi": {
        "dreamfusion": 64.37502699834785,
        "pd": 65.18842726718252,
        "gad": 53.12543432088135,
        "magic3D": 70.18753887129421
    },
    "car_sushi": {
        "dreamfusion": 94.00017471470854,
        "pd": 53.50073083824045,
        "gad": 38.62503775490834,
        "magic3D": 106.18901265919385
    },
    "house_tudor": {
        "dreamfusion": 68.06283966671704,
        "pd": 33.87504073676781,
        "gad": 27.453695766894576,
        "magic3D": 60.28141365343466
    },
    "bulldog_pirate": {
        "dreamfusion": 95.62568640016235,
        "pd": 61.18756204430452,
        "gad": 42.71879986414276,
        "magic3D": 85.6250040026045
    },
    "sand_castle": {
        "dreamfusion": 81.31320458395219,
        "pd": 58.90654637722796,
        "gad": 45.281400194140076,
        "magic3D": 60.59400522252981
    },
    "cookies": {
        "dreamfusion": 64.31260133937197,
        "pd": 35.84379076524621,
        "gad": 35.93754250621488,
        "magic3D": 64.50004035759524
    },
    "astro": {
        "dreamfusion": 65.93945293747834,
        "pd": 98.62816874501941,
        "gad": 75.75027246015956,
        "magic3D": 88.25386958300052
    },
    "horse": {
        "dreamfusion": 69.06293234495499,
        "pd": 92.00088884274642,
        "gad": 56.812650277703476,
        "magic3D": 77.0633250543828
    },
    "blue_jay_macaron": {
        "dreamfusion": 64.37500158915161,
        "pd": 67.93893353116017,
        "gad": 44.75053001191162,
        "magic3D": 87.12520178218499
    },
    "icecream": {
        "dreamfusion": 84.8792006458572,
        "pd": 61.43908903103851,
        "gad": 60.62639057210384,
        "magic3D": 86.43815509600665
    },
    "waffle": {
        "dreamfusion": 101.87634203775127,
        "pd": 60.84477152395147,
        "gad": 58.34436808575092,
        "magic3D": 69.81342604415475
    }
}