{
    "bunny_pancake": {
        "dreamfusion": 59.89391744734623,
        "pd": 54.84767416053609,
        "gad": 41.090654113617944,
        "magic3D": 68.55406499554837
    },
    "panda": {
        "dreamfusion": 54.86184660772312,
        "pd": 85.631845270954,
        "gad": 53.71271374296215,
        "magic3D": 108.80759296039875
    },
    "strawberry": {
        "dreamfusion": 33.404764520415455,
        "pd": 48.262524930894294,
        "gad": 23.315871809256446,
        "magic3D": 48.275607772854315
    },
    "pineapple": {
        "dreamfusion": 41.2125746507033,
        "pd": 25.91876177673685,
        "gad": 20.440661418104895,
        "magic3D": 33.51252498693281
    },
    "corgi": {
        "dreamfusion": 59.35944770926831,
        "pd": 67.5323086745615,
        "gad": 50.50017648729255,
        "magic3D": 73.32518527147019
    },
    "car_sushi": {
        "dreamfusion": 90.88183006038393,
        "pd": 57.23485694484695,
        "gad": 46.06574428416299,
        "magic3D": 106.73203989258252
    },
    "house_tudor": {
        "dreamfusion": 65.94407924498145,
        "pd": 34.026666463803636,
        "gad": 31.447230258898536,
        "magic3D": 60.68758980956848
    },
    "bulldog_pirate": {
        "dreamfusion": 103.93167360691943,
        "pd": 75.42854315607323,
        "gad": 53.48156883209283,
        "magic3D": 90.06938802084741
    },
    "sand_castle": {
        "dreamfusion": 73.30708731692243,
        "pd": 54.53140370737434,
        "gad": 55.090693770867475,
        "magic3D": 67.73808644160992
    },
    "cookies": {
        "dreamfusion": 73.86268157483248,
        "pd": 31.667312370388156,
        "gad": 34.45010844530823,
        "magic3D": 70.53759533655133
    },
    "astro": {
        "dreamfusion": 65.9557055720432,
        "pd": 82.85208515060727,
        "gad": 74.84723570822011,
        "magic3D": 90.07128823152652
    },
    "horse": {
        "dreamfusion": 57.42858224811332,
        "pd": 79.29402386126617,
        "gad": 56.706478179354654,
        "magic3D": 72.13784816732176
    },
    "blue_jay_macaron": {
        "dreamfusion": 63.618843282209255,
        "pd": 54.25062774623027,
        "gad": 52.34098616846241,
        "magic3D": 86.88783634076485
    },
    "icecream": {
        "dreamfusion": 81.12031321501395,
        "pd": 68.7751118142806,
        "gad": 61.94236386795042,
        "magic3D": 81.63999780253906
    },
    "waffle": {
        "dreamfusion": 101.37113715732667,
        "pd": 60.99770277722333,
        "gad": 59.90972729867358,
        "magic3D": 80.38818104544112
    }
}